tag,from,to,why
"illuminated signage","architectural-element","lighting","override: luminaire"
"landscaped lawn","setting","sustainability","override: planting"
"manicured lawn","setting","sustainability","override: planting"
"native landscaping","setting","sustainability","override: planting"
"lush landscaping","setting","sustainability","override: planting"
"contemporary landscape","design-style","sustainability","override: planting"
"backlit signage","architectural-element","lighting","override: luminaire"
"landscaping","setting","sustainability","override: planting"
"neon signage","architectural-element","lighting","override: luminaire"
"tropical landscaping","setting","sustainability","override: planting"
"backlit mirror","furniture-fittings","lighting","override: luminaire"
"lawn area","space-type","sustainability","override: planting"
"illuminated brand signage","architectural-element","lighting","override: luminaire"
"lush tropical landscaping","setting","sustainability","override: planting"
"integrated landscape","setting","sustainability","override: planting"
"landscape design","setting","sustainability","override: planting"
"courtyard garden","space-type","sustainability","override: planting"
"landscaped garden beds","setting","sustainability","override: planting"
"lawn landscaping","setting","sustainability","override: planting"
"outdoor landscape","setting","sustainability","override: planting"
"landscaped garden","setting","sustainability","override: planting"
"backlit corporate signage","architectural-element","lighting","override: luminaire"
"integrated landscaping","setting","sustainability","override: planting"
"panoramic city views","view","setting","an outlook is part of the setting, not the vantage point"
"contemporary","drop","design-style","names a design language"
"functional modern","drop","design-style","names a design language"
"clean modern","drop","design-style","names a design language"
"geometric","design-style","drop","no design language named, only a quality adjective"
"sleek modern","drop","design-style","names a design language"
"structural expressionism","design-style","drop","no design language named, only a quality adjective"
"refined elegance","design-style","drop","no design language named, only a quality adjective"
"clinical","design-style","drop","no design language named, only a quality adjective"
"utilitarian modern","drop","design-style","names a design language"
"modern functional","drop","design-style","names a design language"
"sleek corporate","design-style","drop","no design language named, only a quality adjective"
"modern professional","drop","design-style","names a design language"
"functional corporate","design-style","drop","no design language named, only a quality adjective"
"high-tech architecture","design-style","drop","no design language named, only a quality adjective"
"functional healthcare","design-style","drop","no design language named, only a quality adjective"
"refined hospitality","design-style","drop","no design language named, only a quality adjective"
"sculptural","design-style","drop","no design language named, only a quality adjective"
"high-tech","design-style","drop","no design language named, only a quality adjective"
"sculptural architecture","design-style","drop","no design language named, only a quality adjective"
"angular architecture","design-style","drop","no design language named, only a quality adjective"
"corporate elegance","design-style","drop","no design language named, only a quality adjective"
"sophisticated modern","drop","design-style","names a design language"
"hospitality chic","design-style","drop","no design language named, only a quality adjective"
"branded environment","design-style","drop","no design language named, only a quality adjective"
"resort chic","design-style","drop","no design language named, only a quality adjective"
"open layout","design-style","drop","no design language named, only a quality adjective"
"open plan","design-style","drop","no design language named, only a quality adjective"
"avant-garde","design-style","drop","no design language named, only a quality adjective"
"spa-inspired","design-style","drop","no design language named, only a quality adjective"
"curvilinear design","design-style","drop","no design language named, only a quality adjective"
"warm hospitality","design-style","drop","no design language named, only a quality adjective"
"sophisticated elegance","design-style","drop","no design language named, only a quality adjective"
"sophisticated hospitality","design-style","drop","no design language named, only a quality adjective"
"resort style","design-style","drop","no design language named, only a quality adjective"
"urban chic","design-style","drop","no design language named, only a quality adjective"
"playful corporate","design-style","drop","no design language named, only a quality adjective"
"oriental elegance","design-style","drop","no design language named, only a quality adjective"
"sterile modern","drop","design-style","names a design language"
"parametric architecture","design-style","drop","no design language named, only a quality adjective"
"clean geometric","design-style","drop","no design language named, only a quality adjective"
"bold geometric","design-style","drop","no design language named, only a quality adjective"
"refined luxury","design-style","drop","no design language named, only a quality adjective"
"modern architectural","drop","design-style","names a design language"
"geometric architecture","design-style","drop","no design language named, only a quality adjective"
"sculptural elegance","design-style","drop","no design language named, only a quality adjective"
"executive luxury","design-style","drop","no design language named, only a quality adjective"
"open concept","design-style","drop","no design language named, only a quality adjective"
"elegant hospitality","design-style","drop","no design language named, only a quality adjective"
"urban architecture","design-style","drop","no design language named, only a quality adjective"
"institutional architecture","design-style","drop","no design language named, only a quality adjective"
"dynamic modern","drop","design-style","names a design language"
"modern dynamic","drop","design-style","names a design language"
"warm corporate","design-style","drop","no design language named, only a quality adjective"
"civic architecture","design-style","drop","no design language named, only a quality adjective"
"sleek minimal","design-style","drop","no design language named, only a quality adjective"
"refined modern","drop","design-style","names a design language"
"executive elegance","design-style","drop","no design language named, only a quality adjective"
"refined corporate","design-style","drop","no design language named, only a quality adjective"
"oriental luxury","design-style","drop","no design language named, only a quality adjective"
"parametric design","design-style","drop","no design language named, only a quality adjective"
"compact living","design-style","drop","no design language named, only a quality adjective"
"hospitality-inspired","design-style","drop","no design language named, only a quality adjective"
"hospitality elegance","design-style","drop","no design language named, only a quality adjective"
"urban hospitality","design-style","drop","no design language named, only a quality adjective"
"traditional","drop","design-style","names a design language"
"modern high-rise","drop","design-style","names a design language"
"glamour chic","design-style","drop","no design language named, only a quality adjective"
"corrugated metal roofing","material","architectural-element","equivalence class: corrugated metal roof / corrugated metal roofing"
"marble countertop","material","furniture-fittings","equivalence class: marble countertop / marble counter"