code,name,studio,paths,assets,openasset
"20-0040","Chatrium Hotel Rawai Phuket","bangkok","3","537","false"
"12-65100","Adani","singapore","2","530","true"
"22-0463","Porsche Centre Pattaya","bangkok","1","383","false"
"402520","Gold Coast Private Hospital","australia","2","346","true"
"600045","James Cook University Lecture Theatre","australia","1","294","true"
"22-0513","L'Oreal Office","bangkok","2","280","false"
"502478","Surf Coast Secondary College","australia","1","261","true"
"18-0184","Concord Oval Redevelopment","australia","2","253","true"
"M21935","AquaPulse & Encore Events Centre Wyndham","australia","1","251","true"
"17-0400","Goulburn Aquatic Centre Redevelopment","australia","1","242","true"
"600039","Cazalys Football Club Kitchen & Dining","australia","1","233","true"
"22-0340","BMW Amorn Prestige Rangsit","bangkok","1","230","false"
"503009","Fleurieu Aquatic Centre","australia","1","228","true"
"22-0511","KTC Business Center","bangkok","4","225","true"
"22-0047","Khao Yai Residence","bangkok","6","216","false"
"S6879","Calvary Mater Hospital","australia","1","205","true"
"18-0502","KBank Private Banking Office","bangkok","1","201","true"
"","dwp JOrdy Fu - Jordy Fu","bangkok","1","193","true"
"303370","Project 321 icare Workplace","australia","1","193","true"
"THBKK-16-0255","Chatrium Pathumwan","bangkok","1","184","true"
"22-0138","UOB Sathon","bangkok","2","178","false"
"THBKK-15-0174","U Nimman Chiang Mai","bangkok","1","177","true"
"11-65068","Robinsons Orchard","singapore","2","164","true"
"303281","Australian National University Mathematical Science Institute & College of Computer Science Building","australia","1","160","true"
"7970","University of Newcastle Exercise Science Facility","australia","1","159","true"
"THBKK-14-0695","Ibis Styles Bangkok Khaosan Viengtai","bangkok","1","155","true"
"21-0078","SIRANINN Residence","bangkok","10","151","true"
"THBKK-11-581","I Do Thonglor (ARC","bangkok","1","150","true"
"THBKK-16-0284","Lucky Living Condo (Celes Asoke) (1)","bangkok","3","148","true"
"21-0467","Stark Corporation New Office","bangkok","2","146","true"
"600056","James Cook University School of Dentistry","australia","1","142","true"
"502536","Blundstone Arena Bellerive","australia","1","140","true"
"14-65027","Philips Electronics, Singapore","singapore","2","140","true"
"THBKK-15-0507","Galerie 39 by AP (Vittorio 39)","bangkok","1","137","true"
"THBKK-07-353","CDC Phase 1 - Interior","bangkok","2","132","true"
"M20072","Noble Park Aquatic Centre","australia","1","131","true"
"17-0842","Thonburi-Bamrungmuang Hospital","bangkok","1","129","true"
"10064","City Exchange","australia","1","128","true"
"5002779","Opal Hillside Residential Aged Care Facility","australia","2","127","true"
"502583","Hume Tennis & Community Centre","australia","1","127","true"
"S21810","University of Sydney Fisher Library & Learning Network, Carslaw, PNR","australia","1","126","true"
"17-0820","Luxury Condo by Major Development (Muniq)","bangkok","2","125","true"
"17-0913","Bang Kra Chao Wellness Center (Rakxa)","bangkok","2","124","true"
"503202","Swan Hill District Health Community Rehabilitation Centre","australia","1","120","true"
"7661","Suters Newcastle Office Refurbishment Fitout","australia","1","120","true"
"M4335","Cabarita Swimming Centre","australia","1","120","true"
"BHMAM-10-948","Sigma Paint, Roll-out, Middle East","dubai","2","119","true"
"14-65045","Frasers Tower","singapore","2","118","true"
"502473","Hawthorn Aquatic & Leisure Centre","australia","1","117","true"
"16-0413","S36 Condominium (The Esse)","bangkok","3","117","true"
"302792","National Capital Private Hospital","australia","2","115","true"
"502297","Echuca Regional Health Redevelopment","australia","1","114","true"
"17-0806","Kerzner Office","dubai","2","114","true"
"HKHKG-09-650","Residential develo","hong-kong","2","114","true"
"16-65051","Grand Copthorne  Waterfront Hotel","singapore","2","114","true"
"402822","Queensland University Technology School of Design D Block","australia","1","112","true"
"THBKK-11-840","Johnson & Johnson","bangkok","1","112","true"
"THBKK-14-0302","Puteri Harbour Iskandar Phase 2 (Puteri Cove Residences)","malaysia","2","107","true"
"B10022","Weipa Hospital","australia","1","106","true"
"23-0202","Siam Music Yamaha Office","bangkok","6","106","false"
"15-0060","Thailand Creative & Design Center (TCDC)","bangkok","2","105","true"
"14-0350","River City Centre","bangkok","1","104","true"
"18-0746","Glowfish Office","bangkok","1","104","true"
"15-0030","Samitivej Wellness & Life Center","bangkok","1","104","true"
"202878","18 Honeysuckle Drive","australia","1","104","true"
"23-0306","DLA Piper Office","bangkok","2","102","false"
"202485","Arena Apartments Newcastle Beach","australia","1","100","true"
"9238","TAFE NSW Illawarra Institute Shellharbour Library","australia","1","100","true"
"22-0449","Universal Music Office","bangkok","2","100","false"
"S9048","University of Newcastle Life Sciences Building","australia","1","100","true"
"202492","Rio Karratha","australia","1","100","true"
"N6132","Tempus Two Winery Old","australia","1","100","true"
"S20387","Western Sydney University Hawkesbury Institute Environment","australia","1","100","true"
"22-0223","Lancaster Legacy Residential","ho-chi-minh-city","5","98","false"
"22-0420","Skyview Hotel","bangkok","2","98","false"
"N10159","Graph Building Head Office","australia","1","97","true"
"8686","Lorne Killara Apartments","australia","1","95","true"
"15-0612","Eric Tweedale Stadium","australia","1","93","true"
"19-0198","Diageo New Office","bangkok","1","93","true"
"","N44 - Broken Hill Hospital","australia","1","93","true"
"18-0195","Amari Vientiane Laos (1)","bangkok","2","90","false"
"","Staff Photos 2025","bangkok","1","90","false"
"18-0133","Supalai Icon Sathorn","bangkok","3","90","true"
"16-0313","888 Thonglor (NIVATI)","bangkok","2","89","true"
"15-65008","Huber’s Butchery, Dempsey Road, Singapore","singapore","2","88","true"
"4344","Caroline Springs Library","australia","1","88","true"
"17-0959","Sathorn Condominium","bangkok","3","87","true"
"N7291","Fort Scratchley Historic Restoration","australia","1","87","true"
"502450","Bentleigh Secondary College Meditation & Indigenous Cultural Centre","australia","1","85","true"
"THBKK-11-647","The XXXIX by Sansiri","bangkok","1","85","true"
"1344","Richlands SEQ Distribution","australia","1","84","true"
"8958","Blacktown Leisure Centre & Library","australia","1","84","true"
"TH-14-0464","Ashton Chula-Silom","bangkok","1","84","true"
"24-0168","DoubleTree by Hilton An Giang","bangkok","2","82","false"
"THBKK-14-0365","Samitivej Pediatric","bangkok","1","82","true"
"23-0068","BBL Private Bank & Retail (G floor)","bangkok","3","82","false"
"17-0846","Condo at Bangna by Magnolia (Whizdom the Forestias)","bangkok","4","81","true"
"THBKK-14-0260","SCG Office Renovation","bangkok","1","81","true"
"THBKK-16-0027","H2 Condo by Real Asset (LAVIQ)","bangkok","1","81","true"
"19-0470","BMW Barcelona Motor Vibhavadi","bangkok","1","81","false"
"14-65112","Commonwealth Bank of Australia","singapore","2","80","true"
"30265","Charles Darwin Centre Development","australia","1","79","true"
"302565","Charles Darwin Centre Development","australia","1","79","true"
"THBKK-14-0707","Sansiri Paholyothin (The Monument Sanampao by Sansiri)","bangkok","1","78","true"
"","Matthew Campbell Laurenza","bangkok","1","77","true"
"THBKK-12-112","Chatrium Yangon","bangkok","1","77","true"
"302937","Western Sydney University Science Building","australia","1","75","true"
"20-0401","6 Cloud 11 - Lifestyle Hotel (TRIBUTE) TRB","bangkok","5","74","false"
"HKHKG-07-124","Crowne Plaza Zhongshan","china","1","74","true"
"THBKK-12-544","Yum Restaurants","bangkok","1","72","true"
"","THBKK-03-37 Dome - Lebua","bangkok","1","72","true"
"N21358","Singleton High School TTC","australia","1","71","true"
"","dwp_Anne Carson","united-states","1","71","true"
"","Anne Carson","","1","71","true"
"","dwp Anne Carson - Anne Carson","bangkok","1","71","true"
"HKHKG-11-266","3-F Happy Valley","hong-kong","2","70","true"
"THBKK-15-0338","JTI New Office","bangkok","1","69","true"
"16-0470","Ruamjairak Hospital0","bangkok","1","68","true"
"12-0631","SCB Executive Dining (L22)","bangkok","2","68","true"
"502238","Mirridong Aged Care Redevelopment","australia","1","67","true"
"23-0267","BMW Europa Motor Ratchaphrek (Charan)","bangkok","2","66","false"
"","Photograpghs","dubai","1","66","false"
"N7592","BAE Systems Major Expansion","australia","1","66","true"
"11-65087","Trafigura, Singapore","singapore","2","66","true"
"THBKK-13-0625","IDEO Rama 4","bangkok","1","65","true"
"17-1181","Google Office - Design & Build (Level 10&14)","bangkok","1","65","true"
"6794","Alexandra Apartments City Quarter","australia","1","64","true"
"20-0478","Centara Udonthani","bangkok","2","64","true"
"10012","Brisans Motorcycle Showroom","australia","1","64","true"
"THBKK-04-157","Bumrungrad International Hospital","bangkok","1","64","true"
"THBKK-10-859","TMB Canteen","bangkok","1","63","true"
"M22094","Western Australia State Netball Centre","australia","1","63","true"
"","Staff Photo 2026","","1","62","false"
"","12-543 The Room - Pan Road","bangkok","1","62","true"
"8416","Rouse Hill Library & Community Centre","australia","1","62","true"
"HKHKG-08-486","Grand Hyatt, Macau","hong-kong","2","62","true"
"VNHCM-13-0647","Avani Resort","ho-chi-minh-city","2","62","true"
"THBKK-04-046","Hilton Hua Hin","bangkok","1","61","true"
"15-0599","Rhythm Ekkamai","bangkok","1","61","true"
"19-0297","SCG BIM Business Center","bangkok","1","61","true"
"","AE14-0712 Double Tree by Hilton Hotel at Bay Square","dubai","1","61","true"
"","THBKK-05-93 Reuters Beijing","bangkok","1","61","true"
"17-1062","Santiburi The Residence","bangkok","4","60","true"
"17-65071","Capital Square","singapore","2","60","true"
"13158","Alice Springs Hospital Emergency Department","australia","1","60","true"
"N20652","New Lambton Public School BER","australia","1","60","true"
"HKHKG-09-524","Banyan Tree Specialty Restaurant - Oyster Bar & Variety Grill Restaurant, Macau","hong-kong","2","60","true"
"17-0432","Shrewsbury HK","hong-kong","2","60","true"
"HKHKG-15-0307","The Parklane - Pullman","hong-kong","2","58","true"
"7497","The Greater BS Business Continuity Centre","australia","1","57","true"
"302799","Harris Park Residential Development","australia","1","57","true"
"21-0208","Chanel New Office","bangkok","1","57","true"
"THBKK-14-0735","Sansiri The LINE Jatujak-Mochit","bangkok","1","57","true"
"21-0439","Movenpick BDMS Wellness Resort - Conference Center","bangkok","2","57","false"
"23-0331","Hilton Legend Hai Phong","bangkok","2","57","false"
"17-0061","Kuehne+Nagel Office","bangkok","1","57","true"
"B1200","Glenbrook Residential Aged Care Facility","australia","1","56","true"
"THBKK-12-467","The Style by Toyota","bangkok","1","55","true"
"16-0208","Marriott Pattaya","bangkok","2","55","true"
"303339","Macquarie University Sydney City Campus Angel Place MUSCC","australia","1","55","true"
"THBKK-11-752","Prudential Life","bangkok","1","55","true"
"20-0179","Crown Plaza Vinh Yen City","ho-chi-minh-city","1","55","false"
"18-0533","AETC","australia","1","54","true"
"17-0498","Pandora Workplace Fitout, Belrose","australia","1","54","true"
"THBKK-15-0176","Malton 31 (Sukhumvit)","bangkok","1","54","true"
"23-0244","Siam Motors HQ","bangkok","1","54","false"
"22-0164","One Suntory","bangkok","1","53","true"
"THBKK-11-211","Lilanz Head Office","bangkok","1","53","true"
"THBKK-10-636","TOA New Office","bangkok","1","53","true"
"THBKK-08-326","Ramada Karon Phuket","bangkok","1","52","true"
"21-0323","Dusit Central Park","bangkok","1","52","false"
"13-0696","Ideo Ratchathewi","bangkok","1","51","true"
"MYKUL-17-0065","Illy Coffee Pavilion and Klcc","malaysia","1","51","true"
"22-0050","BI Building B L5 CCU Renovation","bangkok","3","51","false"
"17-65085","Yue Hwa Department Store","singapore","2","50","true"
"15-65090","Nord LB","singapore","2","50","true"
"1064","0 Swell Apartments","australia","1","50","true"
"THBKK-11-1157","Premiera","bangkok","1","50","true"
"M22019","Rathdowne Place Aged Care","australia","2","50","true"
"THBKK-12-107","SCB Retail Mock up","bangkok","1","50","true"
"THBKK-15-0151","Shrewsbury School","bangkok","1","50","true"
"N7912","Coal Services Offices Singleton","australia","1","49","true"
"18-0004","Shrewsbury City Campus","bangkok","1","49","true"
"","439 - Emaar Offices","dubai","1","49","false"
"THBKK-12-397","McCann - Bangkok","bangkok","1","49","true"
"AEDXB-12-273","Emaar Offices","dubai","1","49","true"
"AEDXB-14-0213","W Dubai - The Palm","dubai","1","49","true"
"","THBKK-02-13 Double A","bangkok","1","48","true"
"23-0156","BMW & MINI Ayutthaya","bangkok","2","48","false"
"202313","Woolworths Tuncurry","australia","1","48","true"
"12-65072","Amara Element Cafe, Singapore","singapore","2","48","true"
"300029","Royal Rehabilitation Centre","australia","1","48","true"
"VN-11-799","Hotel Des Arts Saigon","ho-chi-minh-city","2","48","true"
"17-1126","Ascott Embassy Sathorn Bangkok (Ananda Serviced Apartment)","bangkok","3","48","true"
"N6245","Vie Apartments City Quarter","australia","2","48","true"
"16-65016","Freehills D_B","singapore","2","48","true"
"15-0122","Eastin Residence at Thana City","bangkok","1","47","true"
"THBKK-16-0379","Rawai Residence Phuket","bangkok","2","47","true"
"THBKK-12-413","185 Penthouses","bangkok","1","47","true"
"S21301","Prince of Wales Private Hospital","australia","1","47","true"
"21-0468","Executive Council of Dubai Office, Level 28","dubai","2","46","false"
"THBKK-09-635","Mai Khao Natai Res","bangkok","1","46","true"
"THBKK-15-0588","Novotel Siam Square","bangkok","1","46","true"
"THBKK-15-0680","Bangkok Hospital - Royal Care Building","bangkok","1","46","true"
"16-65043","Tan Kok Quan Partnership","singapore","2","46","true"
"16-0054","TCC-Chaokoh Office","bangkok","1","45","true"
"202688","Northern Terrritory Government Charles Darwin Centre","australia","1","45","true"
"22-0506","Amari Phuket Master planning","bangkok","1","44","false"
"THBKK-13-1015","Civil Engineering Office","bangkok","1","44","true"
"17-1182","Park Phayathai","bangkok","1","44","true"
"302942","Connected Communities Moree East Public School","australia","1","44","true"
"25-0158","Herbert Smith Freehills Kramer Thailand Office","bangkok","2","44","false"
"8102","Hornsby Hospital","australia","1","44","true"
"21-0069","BMW Performance Motor Ratchaphruek","bangkok","1","44","true"
"4339","Yuille Park Community College P-8","australia","1","44","true"
"14-0305","Jones the Grocer","bangkok","1","44","true"
"THBKK-14-0031","Major Development Office L15","bangkok","1","44","true"
"22-0471","S28 Luxury Residence","bangkok","3","44","false"
"23-0164","Starbucks Office","bangkok","2","43","false"
"5618","Linwood Village","australia","1","43","true"
"18-0439","The One Card Office","bangkok","1","43","true"
"8317","Lakemba Rail Station","australia","1","43","true"
"202833","John Hunter Children's Hospital PICU","australia","1","43","true"
"14-0437","Maitria Hotel","bangkok","1","43","true"
"17-0993","Silom Hotel (ibis Silom)","bangkok","1","42","true"
"12-65139","Napoleon Bar, Singapore","singapore","2","42","true"
"4425",".2 - Maribyrnong Sports Academy Sports Fields","australia","2","42","true"
"402819","Queensland Eye Institute Research Clinic","australia","1","42","true"
"00-65173","Singapore Cricket Club","singapore","2","42","true"
"302618","Mt St Joseph Multipurpose Hall","australia","1","42","true"
"THBKK-10-857","Uawithaya Head Office - Bangkok,Thailand","bangkok","1","42","true"
"21268","McCloys Group Head Office","australia","1","41","true"
"B20052","Caboolture Mental Health","australia","1","40","true"
"AEDXB-17-0521","4-Star DoubleTree by Hilton Residences in Qatar","dubai","1","40","true"
"THBKK-16-0383","Boehringer Ingelheim Office Renovation","bangkok","1","40","true"
"502615","WAIS High Performance Service Centre","australia","2","40","true"
"THBKK-12-072","Mitsui Office","bangkok","1","40","true"
"17-0683","C Ratchathewi","bangkok","1","40","true"
"N4891","Lindemans Ben Ean Winery","australia","1","39","true"
"403144","H&M Brisbane Broadway Arcade","australia","1","39","true"
"19-0400","Bangkok Hospital Cafeteria Renovation","bangkok","1","39","true"
"303219","Carnes Hill Community + Recreation Precinct","australia","1","39","true"
"16-65031","Amore Pacific ASEAN HQ","singapore","2","38","true"
"THBKK-10-810","Keyne Lobby","bangkok","1","38","true"
"22-0384","PREMIERA Siam Paragon","bangkok","2","38","false"
"10014","Aldi Cardiff","australia","1","38","true"
"THBKK-12-366","Dilavie Mega Bangna","bangkok","2","38","true"
"THBKK-14-0550","Oracle","bangkok","1","38","true"
"N6511","Hunter Valley Private Hospital","australia","1","38","true"
"THBKK-12-620","Uawithya L15","bangkok","1","38","true"
"","ORA","dubai","1","38","false"
"16-0023","GEM38 (Ideo Mobi Asoke)","bangkok","1","38","true"
"THBKK-14-041","Dusit Building","bangkok","1","38","true"
"14-65108","Novotel at Clarke Quay, Singapore","singapore","2","38","true"
"12-65105","GEMS World Academy, Singapore","singapore","2","38","true"
"","Live in the City Estate, Cracow, PL","dubai","1","38","false"
"5314","Maitland Private Hospital","australia","1","38","true"
"11-65024","The Exchange, Singapore","singapore","2","38","true"
"203078","The Junction Public School Upgrade","australia","1","38","true"
"THBKK-14-0372","Mercedes-Benz showroom Lumpini","bangkok","1","37","true"
"THBKK-15-0155","AIA Canteen","bangkok","1","37","true"
"THBKK-14-0638","HERE Chiang Mai","bangkok","1","37","true"
"THBKK-11-167","Parfums & Beaute Thailand","bangkok","1","37","true"
"THBKK-15-01510","BBLAM Renovation","bangkok","1","37","true"
"8495","Aldi Raymond Terrace","australia","1","37","true"
"20-0093","Terumo Office","bangkok","2","36","true"
"N21139","Cameron Park Community Centre","australia","1","36","true"
"M21191","Blackburn High School","australia","1","36","true"
"202441","The Greater BS Kotara Branch","australia","1","35","true"
"14-0498","Asian University","bangkok","1","35","true"
"THBKK-11-1133","Mediacom Office","bangkok","1","35","true"
"B2947","Woodcrest College","australia","1","35","true"
"","11-054 Astra Zeneca","bangkok","1","35","true"
"20-0140","JD Central Relocation","bangkok","1","34","true"
"18-0546","SSUP Mixed Use Pattaya","bangkok","3","34","false"
"23-0124","British International School Phuket- Innovation Center","bangkok","2","34","false"
"N21198","The Greater BS Lambton","australia","1","34","true"
"15-65022","Fuji Xerox - Office","singapore","2","34","true"
"302794","Gascoyne Health District Redevelopment Exmouth & Carnarvon","australia","1","34","true"
"5929","TAFE NSW Hunter Institute Cessnock","australia","1","34","true"
"24-0136","Thuan Phuoc Residential area, Da nang (ARC)","ho-chi-minh-city","1","34","false"
"M4179","Elanora Nursing Home","australia","1","33","true"
"AUSYD-17-0183","Westmead Hospital Oncology and Palliative Care Ward C5C Refurbishment","australia","1","33","true"
"302681","Hills Shire Council","australia","1","33","true"
"THBKK-08-593","BMS","bangkok","1","33","true"
"22-0156","Dusit Thani Maldives Seaplane Lounge","bangkok","1","33","false"
"THBKK-16-0008","Deloitte","bangkok","1","33","true"
"THBKK-13-0774","CIMB Silom Branch","bangkok","1","33","true"
"","Amazon HQ Dubai","dubai","1","32","false"
"22-0010","Phuket Private Residence Avadina 11","bangkok","3","32","false"
"S20098","Ku-ring-gai Fitness and Aquatic Centre","australia","1","32","true"
"AEDXB-09-570","IPIC Head Quater","dubai","1","32","true"
"403372","Qld Airport Ltd Workplace Fitout","australia","1","32","true"
"HKHKG-10-201","Discovery Bay Hotel","hong-kong","2","32","true"
"14-0433","CIMB Mahanak Branch","bangkok","1","32","true"
"05-65047","Juniper Apartments","singapore","2","32","true"
"THBKK-09-210","IOD (Thai Institute)","bangkok","1","32","true"
"23-0133","BBL Office FL19","bangkok","2","32","false"
"602280","Cairns Private Hospital Additional Wards","australia","1","32","true"
"","THBKK-03-41 The Lofts Sathorn","bangkok","1","32","true"
"","511 - IPIC Head Quater","dubai","1","32","false"
"","House in Bieszczady, PL","dubai","1","31","false"
"N2572","Joan Sutherland Performing Arts Centre","australia","1","31","true"
"16-0057","Elements of Toronto","australia","1","31","true"
"THBKK-17-0786","CIMB Rama 9","bangkok","1","31","true"
"16-0274","Tha Noon Phang Nga","bangkok","1","31","false"
"","911 - Department of Finance Headquarters, Dubai","dubai","1","31","false"
"VNHCM-07-104","JW Marriott Hanoi","ho-chi-minh-city","2","31","true"
"AUNCL-14-0023","Newcastle Private Hospital Kingston Extension","australia","1","31","true"
"17-0477","Granville Multipurpose Centre","australia","1","31","true"
"THBKK-09-979","BSH Home Appliance","bangkok","1","31","true"
"SG-11-65054","Zafferanno","singapore","1","30","false"
"4033","Rosebud Secondary College","australia","1","30","true"
"THBKK-09-981","Central Sales Gall","bangkok","1","30","true"
"17-0100","Maitland Mutual Head Office","australia","1","30","true"
"VNHCM-10-038","Friesland Campina","ho-chi-minh-city","2","30","true"
"15-0574","Hackett","bangkok","1","30","true"
"TH-10-994","BBL Asset Management","bangkok","1","30","true"
"20-0425","Santiburi II","","2","30","false"
"11-65054","Zafferanno","singapore","1","30","true"
"THBKK-09-001","Bank of Ayudhya - New Branch","bangkok","1","30","true"
"AUSYD-16-0181","Foreshore House Workplace","australia","1","30","true"
"","JET","dubai","1","30","false"
"VNHCM-13-0785","Bao Viet Life Office","ho-chi-minh-city","2","30","true"
"8519","Ferndale Nursing Home","australia","1","30","true"
"16-65112","King Living Singapore","singapore","2","30","true"
"24-0091","Richmont Office","bangkok","3","29","false"
"18-0118","Moxy Hotel, Bangkok, Thailand","bangkok","2","29","true"
"THBKK-13-0406","Mercedes Benz Office","bangkok","1","29","true"
"8478","East Darling Harbour Design Competition","australia","1","29","true"
"THBKK-15-0529","OP BMW Mini Showroom","bangkok","1","29","true"
"18-0036","CN8-2 PMH Luxury Residential 18-0036 CN8-2 PMH Luxury Residential","ho-chi-minh-city","3","28","true"
"N22080","Armidale Courthouse","australia","1","28","true"
"S8323","TAFE NSW New England Institute Library & Fine Arts Centre","australia","1","28","true"
"18-0519","Victorian State Netball and Hockey Centre (1)","australia","2","28","true"
"","TEC L28","dubai","1","28","false"
"THBKK-11-277","Shanghai Pangu - C","bangkok","1","28","true"
"8061","Erina Community Centre","australia","1","28","true"
"18-0247","MGallery by Sofitel Chadstone","","1","28","false"
"SG-08-778","Meritus Mandarin Orchard, Singapore","singapore","2","28","true"
"THBKK-16-01369","Bangkok Airways L19","bangkok","1","28","true"
"17-1166","Park Thonglor","bangkok","2","28","false"
"09-65058","Societe Generale Private Banking","singapore","2","28","true"
"N6992","670 Hunter Street","australia","1","28","true"
"THBKK-11-709","MONTBLANC Chidlom","bangkok","1","28","true"
"13-1050","Sergio Rossi at Central Embassy","bangkok","1","28","true"
"22-0395","Johnson & Johnson Thailand Office (Kenvue)","bangkok","1","28","false"
"23-0346","One Bangkok C3B Penthouse","bangkok","4","28","false"
"23-0198","One Bangkok C3B - Show Unit","bangkok","2","28","false"
"THBKK-12-318","Dentsu Thailand","bangkok","1","27","true"
"17-0538","Vocco Da Nang","ho-chi-minh-city","1","27","false"
"TH-00-000","Distil Bangkok","bangkok","1","27","true"
"B1298","Cairns Hospital MRI","australia","1","27","true"
"25-0295","PUUN Intelligent Office","bangkok","1","27","false"
"1143","Vantage","australia","1","27","true"
"THBKK-09-118","Emporium","bangkok","1","27","true"
"19-0566","WIRELESS FINAL PERSPECTIVE","","2","27","false"
"8442","National Art School","australia","1","26","true"
"THBKK-10-359","Chill Saigon, Viet","ho-chi-minh-city","2","26","true"
"","AUMEL18-0247 Hotel Chadstone Melbourne, MGallery by Sofitel","australia","1","26","true"
"007639","Yallambee Lodge","australia","1","26","true"
"22-0052","Aster International School","bangkok","2","26","false"
"25-0054","Richemont TH Office Expansion","bangkok","2","26","false"
"1132","Nando's Saudi Arabia","dubai","1","26","false"
"B10310","University of Queensland Boilerhouse Community Engagement Centre","australia","1","26","true"
"10-65100","Commerzbank","singapore","2","26","true"
"VN-08-379","Le Méridien Saigon, HCMC, Vietnam","ho-chi-minh-city","2","26","true"
"VNHCM-08-364","M Gallery","ho-chi-minh-city","2","26","true"
"THBKK-10-365","Halcrow Office","bangkok","1","26","true"
"N20342","The Greater BS Cardiff","australia","1","25","true"
"19-0259","UOB Plaza Bangkok","bangkok","1","25","true"
"502612","Swan Hill District Health Aged Care","australia","1","25","true"
"B20362","Queensland University of Technology S Block","australia","1","25","true"
"THBKK-11-906","ERICSSON Office","bangkok","1","25","true"
"","The Brewery Gate plaza, Warsaw, PL","dubai","1","25","false"
"302397","TAFE NSW Western Institute Orange Campus Aboriginal Learning Centre","australia","2","25","true"
"B10021","Innisfail Hospital","australia","1","25","true"
"23-0251","Coco Project","bangkok","1","24","false"
"N21234","Fort Scratchley Multipurpose Centre Fitout","australia","1","24","true"
"THBKK-03-538","Emporium Suites Penthouse, Bangkok","bangkok","1","24","true"
"N7998","Apollo Motel Charlestown","australia","1","24","true"
"","HK11-541 Tseun Wan Adventist Hospital","hong-kong","2","24","true"
"THBKK-11-701","MONTBLANC Ladprao","bangkok","1","24","true"
"7994","Westpac Rescue Helicopter Base","australia","1","24","true"
"THBKK-12-270","Takeda Thailand","bangkok","1","24","true"
"13-65017","Foodfare, Kallang Singapore","singapore","2","24","true"
"THBKK-08-479","Seiko Centre Emporium","bangkok","1","24","true"
"22-0475","Buro Happold Riyadh Office","dubai","2","24","false"
"THBKK-14-0077","Nescafe Dolce Gusto - Central Chidlom","bangkok","1","24","true"
"THBKK-14-0547","Chanel Warehouse Renovation","bangkok","1","24","true"
"THBKK-12-294","Prinsiri","bangkok","1","24","true"
"22-0123","Hinode Suites","ho-chi-minh-city","1","24","false"
"","Th-11-990 Emporium Suites","bangkok","1","24","true"
"14-65065","Artisan Boulangerie Co - Killiney Road","singapore","2","24","true"
"THBKK-10-163","Gaff Residence","bangkok","1","24","true"
"9100","Muswellbrook Regional Arts","australia","1","24","true"
"10000","University of Newcastle Industrial Design Workshop","australia","1","24","true"
"S8846","Lindfield Rail Station","australia","1","24","true"
"THBKK-12-675","The Royal Saladaeng","bangkok","1","23","true"
"AEDXB-10-612","Shams Voxel Tower","dubai","1","23","true"
"502786","Bupa Templestowe","australia","1","23","true"
"S8516","TAFE NSW Western Sydney Institute Equine Centre Richmond","australia","1","23","true"
"M20204","Donvale Christian College Years 3-4","australia","1","23","true"
"THBKK-04-036","Evason Earth Spa","bangkok","1","23","true"
"","512 - Shams Voxel Tower","dubai","1","23","false"
"THBKK-10-641","Loft Building Plaza 19#","bangkok","1","23","true"
"THBKK-11-339","Uawithya Saraburi","bangkok","1","23","true"
"THBKK-15-0154","Seafresh Renovation","bangkok","1","23","true"
"THBKK-07-104","Krungthai AXA","bangkok","1","23","true"
"4314","Caroline Springs Stadium","australia","1","23","true"
"502685","Opal Cherrywood Grove","australia","1","23","true"
"4866","Green Hills Shopping Centre","australia","1","23","true"
"06026","Wyong Cancer Centre","australia","1","23","true"
"THBKK-07-035","Baraquda  - Dusit D2","bangkok","1","23","true"
"","Brama Miasta (City Gate), Lodz, PL","dubai","2","23","false"
"THBKK-07-609","Curtis Residence","bangkok","1","23","true"
"THBKK-15-0241","Worldquant Office","bangkok","1","23","true"
"21-0404","BAIN & COMPANY New Office","bangkok","1","23","true"
"402872","Queensland University of Technology Superlabs Q Block","australia","1","22","true"
"THBKK-18-0272","2lebua Chef's Table","bangkok","2","22","true"
"5466","Toll Business Park Altona","australia","1","22","true"
"22-0071","Ladawan Private Residence","bangkok","2","22","false"
"HKHKG-09-991","Spice Garden, Reta","hong-kong","2","22","true"
"25-0248","Avadina 14_s Part Room at JMO_s","","2","22","false"
"4426","Churchill Intergenerational Hub","australia","1","22","true"
"21-0025","Muniq Sukhumvit 23","bangkok","1","22","true"
"THBKK-15-0377","Microsoft Renovation","bangkok","1","22","true"
"THBKK-16-0257","lebua Alfresco 64 Whisky Bar","bangkok","1","22","true"
"303191","Palmerston Regional Hospital","australia","1","22","true"
"AUMEL-13-0269","Cockburn Central West Regional Physical Activity and Education Centre","australia","1","22","true"
"14-65130","City House","singapore","2","22","true"
"M4011","Beaconsfield Community Centre","australia","1","22","true"
"HKHKG-08-066","Holiday Inn Golden Mile, Hong Kong","hong-kong","2","22","true"
"11-65013","Deloitte Singapore","singapore","2","22","true"
"THBKK-10-160","Mercedes Benz Exhi","bangkok","1","21","true"
"","Fuzja - residential buildings, Lodz, PL","dubai","1","21","false"
"23-0285","BIH soi 1","","1","21","false"
"N5922","Vintry Guest House","australia","1","21","true"
"THBKK-07-021","Sukhothai Spa","bangkok","1","21","true"
"B10480","Brisbane Markets","australia","1","21","true"
"19-0073","PepsiCo Office","bangkok","1","21","true"
"THBKK-15-0644","AIS Shop Prototype","bangkok","1","21","true"
"S8463","Aldi Rutherford","australia","1","21","true"
"19-0390","Shrewsbury Senior School DT Renovation","bangkok","2","21","true"
"502676","Peninsula Private Hospital Cath Lab","australia","1","21","true"
"MYKUL-11-091","Pan Pac KLIA","malaysia","1","21","true"
"","Nobu Hotel Warsaw, PL","dubai","2","21","false"
"13014","Blacktown Village Green","australia","1","21","true"
"B21925","St Joseph's College Treacy Centre","australia","1","21","true"
"7545","Newcastle Permanent BS HO Fitout","australia","1","21","true"
"1195","Siemens Pavilion Wasl Plaza Expo","dubai","1","21","false"
"S21203","TAFE NSW Illawarra Institute Wollongong Block E&M","australia","1","21","true"
"CNSHA-15-0097","Zhengzhou Huiji Riverfront Village","china","1","21","true"
"THBKK-09-783","Jumeirah Emirates Towers Guest Room Refurbishment, Rib room","bangkok","1","21","true"
"M4131","Cabravale Leisure Centre","australia","1","21","true"
"6947","Newcastle Permanent BS HO","australia","1","21","true"
"AUSYD-16-0152","Westmead Carpark","australia","1","21","true"
"N4339","Newcastle Private Hospital","australia","1","21","true"
"25-0109","PLOT N-06 Dubai Maritime City","dubai","1","20","false"
"THBKK-14-0428","Chungmuro Ibis Styles Hotel","bangkok","1","20","true"
"24-0206","1 PMH CN8-2 Luxury Residence (ID Casa Luna)","ho-chi-minh-city","1","20","false"
"13-65036","Artisan Boulangerie Co - Asia Square","singapore","2","20","true"
"11-65012","Fuji Xerox","singapore","2","20","true"
"21-0055","Bangkok Patana School Canteen","bangkok","1","20","false"
"12-65058","JP Morgan, Singapore","singapore","2","20","true"
"5135","Bethania Gardens Nursing Home","australia","1","20","true"
"21-0489","Primo Care Clinic - Silom Complex","bangkok","1","20","true"
"","VN08-488 ACE Insurance","ho-chi-minh-city","2","20","true"
"25-0195","United Airlines Office","bangkok","2","20","false"
"","Koszyki Market Hall. Warsaw, PL","dubai","1","20","false"
"THBKK-07-377","Baker & McKenzie","bangkok","1","20","true"
"THBKK-13-0504","Puteri Harbour Iskandar","bangkok","1","20","true"
"22-0372","Nestle HQ","bangkok","1","20","false"
"","535 - Centara Doha","dubai","1","20","false"
"1276","Cairns Hospital Emergency Department","australia","1","20","true"
"CNSHA-09-103","Crowne Plaza Wanda Yichang","china","1","20","true"
"24-0269","The May Legend Cat Ba","ho-chi-minh-city","1","20","false"
"N21718","Taree Courthouse","australia","1","20","true"
"14-65019","ALT Pizza - Suntec","singapore","2","20","true"
"B20304","Suters Brisbane Office Fitout","australia","1","20","true"
"S21438","Wyong Police Station","australia","1","19","true"
"202751","The Wren","australia","1","19","true"
"THBKK-11-991","Chatrium Facility","bangkok","1","19","true"
"303018","AIHI Fitout Macquarie University","australia","1","19","true"
"S21934","Walgett Police Station","australia","1","19","true"
"4401","Maribyrnong Aquatic Centre","australia","1","19","true"
"","TDJ, Warsaw, PL","dubai","1","19","false"
"M4103","Bentleigh Secondary College","australia","1","19","true"
"THBKK-12-108","SCB Private Banking Entry","bangkok","1","19","true"
"MYKUL-13-0730","IJM Sales Gallery, Pantai Sentral Park","malaysia","1","19","true"
"22-0072","The Signature Terrace","bangkok","1","19","false"
"","dwp Videos","","1","19","true"
"13066","Westpac Balgowlah","australia","1","19","true"
"THBKK-14-0051","HERE New Office","bangkok","1","19","true"
"B21112","Forest Lake State School BER","australia","1","18","true"
"VN-11-872","Manna Resort","ho-chi-minh-city","2","18","true"
"","Nowa Fabryczna, Lodz, PL","dubai","1","18","false"
"","Latest Photos","dubai","1","18","false"
"21-0324","Oracle Office","bangkok","1","18","true"
"4204","Sacred Heart Primary School","australia","1","18","true"
"","Wroclaw Hotel, PL","dubai","2","18","false"
"14-65029","Brewerkz - Orchard Parade","singapore","2","18","true"
"","Piekary Sports Complex, PL","dubai","2","18","false"
"4387",".2 - Manor Court Aged Care Redevelopment","australia","1","18","true"
"THBKK-11-335","Royal Cliff Hotels","bangkok","1","18","true"
"11-65022","Cafe Melba","singapore","2","18","true"
"5783","The Greater Building Society","australia","1","18","true"
"THBKK-16-0456","Shrewsbury Pre-Prep","bangkok","1","18","true"
"11-65001","Toby_s Estate","singapore","2","18","true"
"S21276","TAFE NSW Riverina Institute Wagga Wagga","australia","1","18","true"
"21-0449","Cute Press The Mall Tha Pra","bangkok","1","18","true"
"18-0304","ADIB Headquarters, Abu Dhabi","dubai","1","17","false"
"M3711","Cardinia Cultural Centre","australia","1","17","true"
"B11160","King George Square Design Competition","australia","1","17","true"
"302371","dwpsuters Sydney Studio Fitout","australia","1","17","true"
"4320","Karingal Place","australia","1","17","true"
"","870 - Tilal Al Ghaf, Dubai","dubai","1","17","false"
"","13-423 Michelin Reception","bangkok","1","17","true"
"","dwp Gary Szillich - Gary Szillich","bangkok","1","17","true"
"M20277","Moe Early Learning Centre","australia","1","17","true"
"8978","Hornsby Mental Health Unit","australia","1","17","true"
"","878 - Department of Finance, Abu Dhabi","dubai","1","17","false"
"S8791","Queanbeyan Trade School","australia","1","17","true"
"THBKK-07-003","Breeze @ Lebua","bangkok","1","17","true"
"N7237","Honeysuckle House Stage 2","australia","1","17","true"
"14-0290","IDEO Q Siam Ratchathewi","bangkok","1","17","true"
"403197","dwpsuters Brisbane Studio Fitout","australia","1","17","true"
"17-0175","Dusit DHAKA","","1","17","false"
"17-0902","icare Medical & Wellness Suite","australia","1","17","true"
"THBKK-07-304","Firmenich","bangkok","1","17","true"
"THBKK-08-268","Microsoft @ Bumrungrad","bangkok","1","17","true"
"THBKK-09-623","Mai Khao Dream Hotel - Façade","bangkok","1","17","true"
"15-0108","IDEO Watergate (Q Chidlom)","bangkok","1","16","true"
"22-0251","Prachuap Khiri Khan Villa","bangkok","1","16","false"
"13-65094","Artisan Boulangerie Co - Great World City","singapore","2","16","true"
"","Q22, Warsaw, PL","dubai","1","16","false"
"M5176","Highgate Football Pavilion","australia","1","16","true"
"THBKK-11-326","98 Wireless","bangkok","1","16","true"
"HK-08-066","Holiday Inn Golden Mile, Hong Kong (F_B)","hong-kong","2","16","true"
"S21210","University of Sydney Nepean Clinical School","australia","1","16","true"
"14-65100","Tung Centre","singapore","2","16","true"
"THBKK-09-213","SCB","bangkok","1","16","true"
"14-65036","Artisan Boulangerie Co - Katong","singapore","2","16","true"
"","TH09-213 SCB Training Centre","bangkok","1","16","true"
"","THBKK-03-53 Thomson Reuters","bangkok","1","16","true"
"","THBKK-03-37-01 Mezzaluna, Lebua Hotel, Thailand","bangkok","1","16","true"
"THBKK-13-1094","Scotiabank New Office","bangkok","1","16","true"
"20-0372","One City Centre","bangkok","1","16","false"
"THBKK-13-430","Swatch Mega Bangna","bangkok","1","16","true"
"25-0280","Siriraj","","1","16","false"
"M4294","Lakeside Childrens Centre","australia","1","16","true"
"","dwp-minteriors peninsula Peninsula Sales Gallery","myanmar","1","16","true"
"THBKK-12-737","Mercedes-Benz TTC Showroom","bangkok","1","15","true"
"","553 - Smart Dubai Office in Dubai Design District","dubai","1","15","false"
"","THBKK-08-25 Loft @ Laguna","bangkok","1","15","true"
"B21473","Park Lake State School BER","australia","1","15","true"
"AEDXB-16-0224","Smart Dubai Office in Dubai Design District","dubai","1","15","true"
"","CU Office, Wroclaw, PL","dubai","2","15","false"
"M21283","Richmond Football Club Punt Road Oval","australia","1","15","true"
"M4183","Sunbury Aquatic Centre Gym","australia","1","15","true"
"4244","Boroondara Sports Centre","australia","1","15","true"
"","517 - Aabar Saraya Towers 1 & 2 Abu Dhabi","dubai","1","15","false"
"THBKK-12-564","Fitch Ratings","bangkok","1","15","true"
"7986","Taree Waterfront Masterplan","australia","1","15","true"
"S21687","University of Sydney Concord Medical Education Centre","australia","1","15","true"
"THBKK-17-0940","dwp New Office","bangkok","1","15","true"
"B21279","Cairns Hospital Catheter Laboratory","australia","1","15","true"
"S9159","University of NSW Sam Cracknell Pavilion","australia","1","15","true"
"40331","JK Murray Library Extension & Refurbishment","australia","1","15","true"
"502484","The Alfred Centre Stage 3","australia","1","15","true"
"AEDXB-09-170","Aabar Saraya Towers 1 & 2 Abu Dhabi","dubai","1","15","true"
"203570","Catholic High School Medowie Competition","australia","1","15","true"
"5075","BAE Systems Lead-in Fighter","australia","1","15","true"
"B1279","Cairns Hospital Oncology & Cath Lab","australia","1","15","true"
"THBKK-04-094","Xavier","bangkok","1","15","true"
"402861","University of Queensland Institute for Social Sciences Research","australia","1","15","true"
"B21578","University of Southern Queensland Faculty of Sciences","australia","1","15","true"
"402393","University of Queensland Munro Childcare Centre","australia","1","15","true"
"","Proposal Library","","1","15","false"
"","Sobha Hartland Villas","dubai","1","14","false"
"AEDXB-10-208","Maysan Towers Abu Dhabi","dubai","1","14","true"
"HKHKG-12-374","Macau University Restaurant Training School","china","1","14","true"
"1182","Nando's Dubai","dubai","1","14","false"
"18-0179","USC Stadium Expansion","australia","1","14","true"
"11-65075","Manchester United - The Atrium Shop at MBS","singapore","2","14","true"
"AEDXB-12-494","Prime Hospital Dubai","dubai","1","14","true"
"","Nowy Rynek, Poznan, PL","dubai","1","14","false"
"","506 - Maysan Towers Abu Dhabi","dubai","1","14","false"
"THBKK-04-080","Nestle","bangkok","1","14","true"
"S8217","Karitane Community Health Centre","australia","1","14","true"
"13-0908","Christian Louboutin","bangkok","1","14","true"
"403165","Margaret Cribb Early Learning","australia","2","14","true"
"19-0563","The grand Ho Tram strip-IHG conversation PIP","ho-chi-minh-city","1","14","false"
"6364","Honeysuckle House","australia","1","14","true"
"M4098","Cardinia Aquatic Centre","australia","1","14","true"
"23-0376","Siraninn Plokt 19","","1","14","false"
"","510 - Prime Hospital Dubai","dubai","1","14","false"
"","09-636 Foodwave","bangkok","1","14","true"
"B21795","Queensland University of Technology Auditorium Refurbishment","australia","1","14","true"
"3966","Oaktowers Nursing Home","australia","1","14","true"
"N21240","Waratah Highlands Retirement Community Centre","australia","1","14","true"
"THBKK-10-820","HSBC Thonglor","bangkok","1","14","true"
"","946 - The Alef Residences","dubai","1","14","false"
"3755","Clayton North Primary School","australia","1","14","true"
"16-0284","Celes","","1","14","false"
"","interior","dubai","1","14","false"
"THBKK-13-1076","OSHA Thai Restaurant","bangkok","1","13","true"
"BH-10-255","Makkah Gateway Cultural Oasis","dubai","1","13","true"
"THBKK-07-174","Royal Orchid Sheraton - F&B and Facade","bangkok","1","13","true"
"THBKK-17-0037","Shrewsbury 6th Form","bangkok","1","13","true"
"22-0046","GTYT Show House","bangkok","2","13","false"
"16-0401","Chuan Chuen Golf Club","bangkok","1","13","true"
"MYKUL-10-182","SD Property Office","malaysia","1","13","true"
"403008","Brisbane Market Building G2","australia","1","13","true"
"24-0053","Ciel Tower VIP floors","dubai","1","13","false"
"M20205","Westmeadows Primary School Hall","australia","1","13","true"
"THBKK-06-144","Louis Vuitton Starhill, Malaysia","bangkok","1","13","true"
"M4321","Bentleigh Secondary College Stage 2","australia","1","13","true"
"THBKK-10-284","Hilton Pattaya - S","bangkok","1","13","true"
"N7125","Azura Apartments","australia","1","13","true"
"THBKK-14-0153","TMB HQ Banking Hall Renovation","bangkok","1","13","true"
"4157","Donvale Christian College Year 9 Environmental Centre","australia","1","13","true"
"202408","Riverside Park Office Tower","australia","1","12","true"
"B1259","Taringa Transit Oriented Development","australia","1","12","true"
"18-65025","Leclair Patisserie","singapore","2","12","true"
"VNHCM-15-0036","Marie Curie ID","ho-chi-minh-city","2","12","true"
"C5673","Cairns City Library","australia","1","12","true"
"VN-11-047","Bao Dai resort","ho-chi-minh-city","2","12","true"
"N6329","Altro Apartments City Quarter","australia","1","12","true"
"","Wadowicka 3, Cracow, PL","dubai","1","12","false"
"","Aquart Hotel, Swinoujscie, PL","dubai","1","12","false"
"B21544","Queensland University of Technology H Block","australia","1","12","true"
"M20166","St Francis Xavier Primary School","australia","1","12","true"
"THBKK-08-413","Ponds Shanghai","bangkok","1","12","true"
"THBKK-14-0221","DHL Office - Thailand","bangkok","1","12","true"
"","Wave, Gdansk, PL","dubai","2","12","false"
"THBKK-11-1156","Thailand Future","bangkok","1","12","true"
"4430","Altona Sports Centre","australia","1","12","true"
"25-0052","Proton","","1","12","false"
"1176","Allen and Overy","dubai","2","12","false"
"11-65003","Palais Renaissance","singapore","2","12","true"
"8618","Turramurra Rail Station","australia","1","12","true"
"16-0303","Next Gen Health Club Doncaster","australia","1","12","true"
"N7620","Sky Central","australia","1","12","true"
"17-0186","NSW Rural Fire Services Headquarters Fitout","australia","1","12","true"
"N7574","TAFE NSW Hunter Institute Front Room Gallery","australia","1","12","true"
"THBKK-06-111","BMW New Office","bangkok","1","12","true"
"20-0405","Tyson Foods Office","bangkok","2","12","true"
"18-0447","Westin Hotel, Yangon, Myanmar","myanmar","1","11","true"
"THBKK-04-004","BMW Showroom","bangkok","1","11","true"
"","864 - Meraas Sales Boutique, Dubai","dubai","1","11","false"
"1034","2 Alphapharm Distribution Centre","australia","1","11","true"
"4431","Annette Kellerman Aquatic Centre","australia","1","11","true"
"THBKK-13-0514","The Peninsula Bangkok - Feasibility Study of Upgrade Work","bangkok","1","11","true"
"21-0284","One Bangkok - H1 Hotel in Zone 1  Fraser","bangkok","1","11","false"
"N20341","The Greater BS Branch Concepts","australia","1","11","true"
"403402","Brisbane Private Hospital Inpatient Unit","australia","1","11","true"
"16-0247","Thanoon","","1","11","false"
"M5205","Patterson Lakes Community Centre","australia","1","11","true"
"M21845","Shirley Burke Theatre","australia","1","11","true"
"8951","Nambucca High School TTF","australia","1","11","true"
"","TDJ, Katowice, PL","dubai","1","11","false"
"N20244","Newcastle Endoscopy Centre","australia","1","11","true"
"3699","Simpson Eyecare Centre","australia","1","11","true"
"13130","University of Sydney Centre for Carbon Water and Food","australia","1","11","true"
"25-0341","BDMS","","1","10","false"
"","First District Estate, Katowice, PL","dubai","1","10","false"
"S20100","TAFE NSW Northern Sydney Institute, Health, Welfare, Sport & Recreation","australia","1","10","true"
"MYKUL-16-0229","SJMC Lobby Refurbishment","malaysia","1","10","true"
"N5763","Etage Apartments City Quarter","australia","1","10","true"
"C5799","Barron Gorge Adminstration and Visitors Centre","australia","1","10","true"
"302586","Eastgate Shopping Centre Redevelopment","australia","1","10","true"
"22-0307","Christian Dior","bangkok","1","10","false"
"5166","Chisholm Institute of Technology Sports","australia","1","10","true"
"602349","Innisfail Customer Service Centre Department of Transport","australia","1","10","true"
"04-65022","Allen & Overy, Singapore","singapore","2","10","true"
"","Smart Innovation School, Dhaka, Bangladesh","dubai","1","10","false"
"","Cement Works, Jaworzno, PL","dubai","1","10","false"
"2544","University NSW Science Theatre","australia","1","10","true"
"17-0063","McKinsey Office","bangkok","1","10","false"
"21-0030","Vision for the North - Compas School","australia","1","10","true"
"13-65076","Artisan Boulangerie Co - Metropolis","singapore","2","10","true"
"24-0249","Sirocco","","1","10","false"
"3680","Civic Theatre Refurbishment","australia","1","10","true"
"","Katowicka Gallery, Katowice, PL","dubai","1","10","false"
"SG-07-184","Citi Sindora Campus","singapore","2","10","true"
"THBKK-05-224","Naraya","bangkok","1","10","true"
"B1324","Queensland Institute of Technology Confucius Institute","australia","1","10","true"
"THBKK-06-079","Le Bayburi Villas","bangkok","1","10","true"
"11-65060","IG Market","singapore","2","10","true"
"","Silesia Business Park, Katowice, PL","dubai","1","10","false"
"THBKK-11-162","Quattro by Sansiri, Bangkok","bangkok","1","10","true"
"B21146","Tully Multipurpose Centre","australia","1","10","true"
"AUBNE-12-0189","Avenues Early Learning Centre Paddington","australia","1","10","true"
"4789","Singleton Aquatic Centre","australia","1","10","true"
"15-0201","Blue Care Star of the Sea Masterplan","australia","1","10","true"
"","Fuzja - Lofts residential buildings, Lodz, PL","dubai","1","10","false"
"11-65091","Central Mall","singapore","2","10","true"
"502860","Swinburne University Masterplan","australia","1","10","true"
"202336","Reliance GP Super Clinic Gosford","australia","1","10","true"
"BH-08-673","Amwaj Gateway Apartment","bahrain","1","10","true"
"23-0126","Informa Office Bahrain","dubai","2","10","false"
"8062","Marrickville Health Centre","australia","1","10","true"
"VNHCM-10-578","Majestic Hotel","ho-chi-minh-city","2","10","true"
"M21536","Kew Recreation Centre","australia","1","10","true"
"SG-08-481","New Asia Bar, Singapore","singapore","2","10","true"
"5055","Mother of God Primary School","australia","1","10","true"
"502222","Devonport Aquatic Centre","australia","1","10","true"
"S8749","Sutherland Mental Health Unit","australia","1","9","true"
"","City Space, Katowice, PL","dubai","1","9","false"
"","Jassmine, Warsaw, PL","dubai","1","9","false"
"202901","Lakeside Gardens","australia","1","9","true"
"","Makrum Gallery, Bydgoszcz, PL","dubai","1","9","false"
"THBKK-08-146","Marriot Courtyard Patong","bangkok","1","9","true"
"13-0114","De La Salle College Multipurpose Hall","australia","1","9","true"
"14-0708","Westin Chaoyang","china","1","9","true"
"THBKK-14-0429","Ronnefeldt Tea Lounge","bangkok","1","9","true"
"21-0141","Baan Turtle","","1","9","false"
"19-0381","Al Forsan Fitness Resort","dubai","1","9","true"
"5489","Cazalys Football Club Cairns","australia","1","9","true"
"17-0937","Sora Japanese","","1","9","false"
"6736","Newcastle Permanent BS HO Concept","australia","1","9","true"
"22-0337","Chanel Malaysia Office","bangkok","1","9","false"
"15-65070","Nando's Melaka","malaysia","1","9","true"
"8757","Queanbeyan Hospital","australia","1","9","true"
"","Sarnie Estate, Bielsko-Biala, PL","dubai","1","9","false"
"THBKK-14-0187","Mandarin Oriental Hotel","bangkok","1","9","true"
"3110","Calvary Mater Hospice","australia","1","9","true"
"21-0409","Santiburi 88-10","","1","9","false"
"","BH-06-06 InterContinental Hotel, Bahrain","bahrain","1","9","true"
"N7682","Coal Services Speers Point","australia","1","9","true"
"","ING Bank HQ, Warsaw, PL","dubai","1","9","false"
"19-0438","KBank Neo Classic Ratchadamnoen","bangkok","1","9","true"
"THBKK-08-428","German Standard","bangkok","1","9","true"
"303223","Hillsong Church Workplace","australia","1","9","true"
"CNSHA-15-0383","Qingdao Oriental Modern Center","china","1","9","true"
"","Th-09-635 Mai Khao Spas","bangkok","1","9","true"
"7259","CSIRO Tower","australia","1","8","true"
"THBKK-18-0028","lebua No.3","bangkok","1","8","true"
"22-0370","Zed West Silversands Residential Tower","dubai","1","8","false"
"15-65115","Tower Club - Straits Bar","singapore","2","8","true"
"","Warsaw Brewery, PL","dubai","1","8","false"
"MYKUL-16-0004","Crytal Jade Accent Terminal 1 Singapore Changi Airport","singapore","2","8","true"
"7780","The Lock-up Museum","australia","1","8","true"
"503187","BlueCross Scotchmans Creek Aged Care","australia","1","8","true"
"","National Center for Ice Sports, Katowice, PL","dubai","2","8","false"
"502376","Gungahlin Leisure Centre","australia","1","8","true"
"14-65054","Artisan Boulangerie Co - Chevron","singapore","2","8","true"
"","Dominikanski, Wroclaw, PL","dubai","1","8","false"
"","877 - National Bank of Bahrain Headquarters, Bahrain","dubai","1","8","false"
"","Wawer district, Warsaw, PL","dubai","1","8","false"
"MYKUL-14-0087","UEM Almas - Show Units","malaysia","1","8","true"
"","505 - Newcastle City Hall","australia","1","8","true"
"16-0491","Pattana Golf Club","","1","8","false"
"402810","Avenues Early Learning Centre Camp Hill","australia","2","8","true"
"16-0255","Chatrium","","1","8","false"
"12-65021","Allen & Gledhill, Singapore","singapore","2","8","true"
"","538 - Tamouh Office Towers","dubai","1","8","false"
"","Polish Hook estate, Gdansk, PL","dubai","1","8","false"
"","874 - Newcastle Regional Museum","australia","1","8","true"
"","House in Lesser Poland, PL","dubai","1","8","false"
"4251","Yarra Junction Aquatic Centre","australia","1","8","true"
"C5670","James Cook University Library","australia","1","8","true"
"","HKHKG-07-63 Shangri-la Thai Restaurant","hong-kong","2","8","true"
"09-65035","Food Garden","singapore","2","8","true"
"TH-24-0192","Tin Baron Phuket","bangkok","1","8","false"
"AEDXB-15-0087","Devonport Community,Tasmania","australia","1","8","true"
"18-0177","S Sukhumvit Office Building (66 Tower)","bangkok","1","8","false"
"THBKK-08-692","Seven Hills Hospital","bangkok","1","8","true"
"","835 CRA Laboratory","australia","1","8","true"
"7967","The Atrium","australia","1","8","true"
"VN-13-0068","Laguna Langco","ho-chi-minh-city","2","8","true"
"S21466","Westpac Bondi Junction","australia","1","8","true"
"AEDXB-09-661","Tamouh Office Towers","dubai","1","8","true"
"7036","Royal Theatre Refurbishment","australia","1","8","true"
"N21981","Kingston Building Head Office","australia","1","8","true"
"502239","Kelaston Aged Care Redevelopment","australia","1","8","true"
"","Hotel The Bridge Wroclaw - MGallery, PL","dubai","1","8","false"
"1317","Thursday Island Helipad","australia","1","8","true"
"THBKK-05-016","Brite Smile","bangkok","1","8","true"
"","exterior","dubai","1","8","false"
"17-0570","Mobi RN (Ideo Mobi Rangnam)","bangkok","2","7","true"
"","THBKK-02-12 Early Learning Center","bangkok","1","7","true"
"THBKK-08-653","Zuk Bar","bangkok","1","7","true"
"","Koszyki Offices, Warsaw, PL","dubai","1","7","false"
"","AUNCL - Killarney Court","australia","1","7","true"
"302911","TAFE NSW Sydney Institute Ultimo Building W","australia","1","7","true"
"203529","St Mary's High School Gateshead Redevelopment","australia","1","7","true"
"N22065","Moorebank Intermodal Masterplan","australia","1","7","true"
"","Kanbawza Hall + Academic Square Parami University","myanmar","1","7","true"
"21-0252","BMW Nelsons's Autohaus Rayong Feasibility Study","bangkok","1","7","false"
"4283",".1 - Box Forest Secondary College","australia","1","7","true"
"MYKUL-11-772","Doubletree Malacca","malaysia","1","7","true"
"AEDXB-13-0867","Marriott Hotel","dubai","1","7","true"
"23-0139","Albriscias","","1","7","false"
"17-0133","Ideo Q36","","1","7","false"
"19-0044","Sale Lounge and Gallery at Singha Complex","bangkok","2","7","true"
"THBKK-17-0028","Sukhothai Business Center","bangkok","1","7","true"
"THBKK-09-755","HSBC Green Library","bangkok","1","7","true"
"25-0252","Private Residence K'Chali House","","1","7","false"
"23-0170","Chatrium Mai Khao","","1","7","false"
"","Hotel Pionki, PL","dubai","1","7","false"
"","Upper One, Warsaw, PL","dubai","1","7","false"
"","TH04-031 Singapore Tourism Board","bangkok","1","7","true"
"","Hotel Kolobrzeg, PL","dubai","1","7","false"
"20273","Qantas Club Lounge Cairns","australia","1","7","true"
"","Tuna, Warsaw, PL","dubai","1","7","false"
"","98-26 Allen and Overy","bangkok","1","6","true"
"","The Office Shed Capstone Education Consulting","myanmar","1","6","true"
"","Hotel The Bridge Wroclaw - MGallery, Wroclaw, PL","dubai","1","6","false"
"5004","NIB Dental & Eye","australia","1","6","true"
"8040","Family Health Centre","australia","1","6","true"
"","Veloart, Warsaw, PL","dubai","2","6","false"
"","Czerniakowski Harbour, Warsaw, PL","dubai","1","6","false"
"S21421","Westpac Burwood","australia","1","6","true"
"15-0412","Palau resort China","china","1","6","true"
"","Water Towers, Budapest, HU","dubai","1","6","false"
"","714 - The Address, The BLVD, Dubai, UAE","dubai","1","6","false"
"S21337","Westpac Menai","australia","1","6","true"
"22-0080","GFG Office Fitout Sydney","dubai","2","6","false"
"","Stacja Wola Estate, Warsaw, PL","dubai","1","6","false"
"","12-776 Dusit Thani Manila","philippines","2","6","true"
"21-0238","The Forest Patong","bangkok","1","6","false"
"","Tarnow Brewery, PL","dubai","1","6","false"
"","The Visitor Center @Parami University","myanmar","1","6","true"
"008572","Wollongong Hospital Mental Hea","australia","1","6","true"
"","THBKK-03-65 Private Residence on Saladaeng","bangkok","1","6","true"
"","dwp-minteriors rau ram Rau Ram Restaurant","myanmar","1","6","true"
"BH-09-782","Jumeirah Emirates Tower Hotel, Dubai, UAE","dubai","1","6","true"
"","Origami House, Torun, PL","dubai","1","6","false"
"MYKUL-16-0416","BAT Project Optimus","malaysia","1","6","true"
"","Koszyki Market Hall, Warsaw, PL","dubai","1","6","false"
"TH-06-1152","Bumrungrad International Hospital, Women's Centre","bangkok","1","6","true"
"17-0064","Parkland","","1","6","false"
"","Infinity Pool, Jamaica","dubai","1","6","false"
"","Yadanar Nantaw Jewelry Store","myanmar","1","6","true"
"18-65036","NUS School of Computing","singapore","2","6","true"
"4409","Aquadome Redevelopment","australia","1","6","true"
"","Sensai by Beyond","dubai","1","6","false"
"M20022","West Gippsland Hospital Masterplan","australia","1","6","true"
"5040","Kyneton Sports and Aquatic Centre","australia","1","6","true"
"","Czarni Bytom Judo sports hall, Bytom, PL","dubai","2","6","false"
"24-0025","Omniyat Discovery Centre","dubai","1","6","false"
"S8964","Gosford Hospital Mental Health Unit","australia","1","6","true"
"TH-12-395","McCann Offices Thailand","bangkok","1","6","true"
"21-0167","Krungthai-Axa Office L27","bangkok","1","6","false"
"VNHCM-07-032","Conic Riverside","ho-chi-minh-city","2","6","true"
"P303395","Samitivej Childrens Hospital","bangkok","1","6","true"
"THBKK-17-0064","Parkland Petchkasem","bangkok","1","6","true"
"1025","Marassi Al Bahrain (Phase 1 Plots 7-10)","dubai","1","6","false"
"","Imkan Renderings","dubai","1","5","false"
"17-0094","Island Escape by Burasari","bangkok","2","5","false"
"","06-200 Hunton & Williams","bangkok","1","5","true"
"","443 - Abu Dhabi Education Council School Design Competition","dubai","1","5","false"
"22-0404","Dusit Thani Maldives Renovation","bangkok","1","5","false"
"","2Four54","dubai","1","5","false"
"N20123","Mildura Riverfront Masterplan","australia","1","5","true"
"8790","TAFE NSW North Coast Coffs Harbour","australia","1","5","true"
"13-0937","Master Plan SuZhou","china","1","5","true"
"MYKUL-15-0251","Masteron Four Points, Petaling Street, Kuala Lumpur","malaysia","1","5","true"
"","SKANSKA Office, Warsaw, PL","dubai","1","5","false"
"","Zawiszy Czarnego Estate, Katowice, PL","dubai","1","5","false"
"THBKK-16-0164","Sky4 Condo Sriracha","bangkok","1","5","true"
"M21881","Warragul Hospital Emergency Department","australia","1","5","true"
"THBKK-08-826","L'oriel","bangkok","1","5","true"
"503396","The Brickworks Living Building Challenge","australia","1","5","true"
"402863","Hilton Hotel Pool Upgrade","australia","1","5","true"
"4050","Alphapharm Administration Building","australia","1","5","true"
"20-0323","Santiburi - The Residence V","bangkok","1","5","true"
"","Akademeia High School, Warsaw, PL","dubai","1","5","false"
"M21381","Laverton Community Hub","australia","1","5","true"
"THBKK-07-344","39 by Sansiri","bangkok","1","5","true"
"N21970","Newcastle Private Hospital Hybrid Theatre","australia","1","5","true"
"","Halda, Katowice, PL","dubai","1","5","false"
"MYKUL-15-0459","Crystal Jade Great Wall City","malaysia","1","5","true"
"THBKK-06-107","Mozu CafÃ©","bangkok","1","5","true"
"THBKK-06-165","Sripatum University","bangkok","1","5","true"
"","875 - Hilton Worldwide Regional Headquarters, Dubai","dubai","1","5","false"
"","867 - Newcastle Conservatorium","australia","1","5","true"
"","Jazz Cafe, Chorzow, PL","dubai","1","5","false"
"","AUBNE17-0262 Mercedes-Benz North Lakes","australia","1","5","true"
"","Mercedes Benz Showroom Damascus, Syria","","1","5","false"
"MYKUL-15-0236","Cyystal Jade - Roll out (Takashimaya L4)","malaysia","1","5","true"
"16-0164","SKY 4","","1","5","false"
"21-0533","Bangpakok 1 Hospital","bangkok","1","5","false"
"","Calxon City Center Mixed-use","china","1","5","false"
"303185","Abu Dhabi Education Council School Design Competition","dubai","1","5","true"
"202783","Christophorus House Retirement Village","australia","1","5","true"
"","dwp-minteriors tea factory Tea Factory","myanmar","1","5","true"
"AUMEL-16-0296","TriCare Williams Landing","australia","1","5","true"
"5461","Tulloch Winery Barrelhall","australia","1","4","true"
"23-0059","Amari Watergate-Drop Off-Lobby","bangkok","2","4","false"
"","FTI Consulting","dubai","1","4","false"
"","Cuprum Square, Wroclaw, PL","dubai","1","4","false"
"","AEDXB-07-12 Zero Five Five","dubai","1","4","true"
"17-0643","Ideo EKK","","1","4","false"
"","Housing Project, Dubai","dubai","1","4","false"
"","Campus Bemke, Klecza Dolna, PL","dubai","1","4","false"
"","480 - Zero Five Five","dubai","1","4","false"
"25-0284","Artale RAMA 9","","1","4","false"
"21-0320","BNH Medical Ward and Surgical Ward","bangkok","1","4","false"
"21-0391","Nirvana","","1","4","false"
"20-0449","COCO PARC ASHTON RAMA 4","bangkok","1","4","false"
"403123","Logan Hospital ENT","australia","1","4","true"
"","KGHM, Wroclaw, PL","dubai","1","4","false"
"THBKK-11-1214","CHANEL Office","bangkok","1","4","true"
"1190","Alphapharm R&D Laboratory","australia","1","4","true"
"5893","James Cook University Tropical Medicine Mosquito Research Facility","australia","1","4","true"
"","Informa Dubai Offices","dubai","1","4","false"
"5744","NIB Dental & Eye Care Sydney","australia","1","4","true"
"23-0161","Siraninn Private Residence","","1","4","false"
"403227","Piazza Apartments, Hotel & Retail","australia","1","4","true"
"19-0142","LAVIQ","","1","4","false"
"","609 - Arabian Ranches","dubai","1","4","false"
"","Golf Hotel, Rajszew, PL","dubai","1","4","false"
"P203472","Museum & Art Gallery of Northern Territory (MAGNT)","australia","1","4","true"
"","House in Jozefoslaw, PL","dubai","1","4","false"
"VNHCM-11-926","ACB Tower","ho-chi-minh-city","2","4","true"
"THBKK-07-173","Nokia Siemens Network","bangkok","1","4","true"
"13-65133","Tiong Bahru Plaza","singapore","2","4","true"
"","Norman Kirk Memorial Pool Redevelopment","new-zealand","1","4","true"
"22-0456","Club Med Hangzhou","china","1","4","false"
"18-0012","Mandarin Oriental - The Veranda & The Riverside Terrace","bangkok","1","4","false"
"","Fuzja, Lodz, PL","dubai","2","4","false"
"MYKUL-16-0124","OP UEM Desaru North Ar","malaysia","1","4","true"
"","Australian National University Hanna Neumann Building","australia","1","4","false"
"25-0149","East meet West","","1","4","false"
"MYKUL-16-0376","OP Green Valley Residence","malaysia","1","4","true"
"","Southern Cross University Allied Health","australia","1","4","false"
"","Hotel Zakopane, PL","dubai","1","4","false"
"","Wayside shrine, Cracow, PL","dubai","1","4","false"
"","Torquay Children’s Services Hub","australia","1","3","false"
"21-0478","Dwight International School Project (ID)","ho-chi-minh-city","1","3","false"
"303082","Lend Lease Macarthur Square Western Mall Expansion","australia","1","3","true"
"15-0070","Calxon Zhitang","china","1","3","true"
"","Water Street, New York, US","dubai","1","3","false"
"","Villa of Roses, Warsaw, PL","dubai","1","3","false"
"MYKUL-17-0144","AFC House KL","malaysia","1","3","true"
"602757","Blue Care Westcourt","australia","1","3","true"
"23-0032","Synphaet Rangsit","bangkok","1","3","false"
"15-0406","Dubai Hills Phase 4","dubai","1","3","false"
"THBKK-07-390","HSBC, Hanoi Branch","bangkok","1","3","true"
"","Edition Apartments","australia","1","3","false"
"THBKK-13-0035","Hafele Office","bangkok","1","3","true"
"","Park Avenue Apartment,  New York City, USA","","1","3","false"
"15-0272","Qudurat Retail Village_Dec19","dubai","1","3","false"
"","Darah Headquarters  Design Competition","dubai","1","3","false"
"21-0115","Marriott Penang","bangkok","1","3","false"
"18-0229","CP Medical Centre","bangkok","1","3","false"
"302474","Palmerston Community Hospital","australia","1","3","true"
"","Obhur Masterplan","dubai","1","3","false"
"17-1131","The Star Integrated Resort","australia","1","3","false"
"","Flight of Freedom","","1","3","false"
"","Hotel & Tennis Centre Mogilany, PL","dubai","1","3","false"
"23-0340","BIHP","","1","3","false"
"","Bohai Bay Urban Design","china","1","3","false"
"21-0559","Benchasiri Property - Facade","bangkok","1","3","false"
"THBKK-11-154","QSMC","bangkok","1","3","true"
"21974","Queensland University of Technology Z Block","australia","1","3","true"
"","Siraninn Private Residence Clubhouse","bangkok","1","3","false"
"402892","Southern Cross University Regional Primary Care Research & Education Centre","australia","1","3","true"
"","Hamptons Property. Watermill, New York. USA","","1","3","false"
"","717","","1","3","false"
"17-1128","Copeton Baysuites","philippines","1","3","false"
"21-0263","Trifecta Master Plan","bangkok","1","3","false"
"18-0814","Alef Education Headquarters","dubai","1","3","false"
"","Towarowa 22, Warsaw, PL","dubai","1","3","false"
"","Uno Mars","bangkok","1","3","false"
"","Jimbaran Masterplan","bangkok","1","3","false"
"503440","Parramatta Aquatic Recreation Concept","australia","1","3","true"
"","Eco Island Masterplan - dwp_Jordy Fu","","1","3","false"
"302943","Connected Communities Walgett Community College","australia","1","3","true"
"M4738","Marcellin College Sports Hall","australia","1","3","true"
"15-0173","Chateau Cuiping ID","china","1","3","true"
"302944","Connected Communities Brewarrina Central School","australia","1","3","true"
"","Blue Cross Mt Waverley","australia","1","3","false"
"","DIFC","dubai","1","3","false"
"17-0106","Mercedes-Benz Northlakes","","1","3","false"
"","Hotel & Tennis Centre, Mogilany, PL","dubai","1","3","false"
"","Informa Saudi","dubai","1","3","false"
"23-0329","Bangkok Hospital Siriroj - WARD CR5B","bangkok","1","3","false"
"","Soaring Skies","","1","3","false"
"THBKK-08-139","Wella Trading","bangkok","1","3","true"
"","Drewny, Warsaw, PL","dubai","1","3","false"
"MYKUL-16-0398","Teega Customer One Stop Centre","malaysia","1","3","true"
"","Calvin Klein Harbour City","bangkok","1","3","false"
"","Le Meridien","","1","3","false"
"","Café Claire","","1","3","false"
"23-0178","Bumrungrad Phuket","bangkok","1","3","false"
"15-0035","Calxon Henglin","china","1","3","true"
"","Ultimo TAFE Building Q Automotive Facility","australia","1","2","false"
"","Europa on Alma","australia","1","2","false"
"","Hurstville Civic Centre Masterplan","australia","1","2","false"
"","Griffith University Microtechnology Facility","australia","1","2","false"
"","Oceana, Royal Newcastle Hospital Site Masterplan","australia","1","2","false"
"","Kirton Point Children's Centre","australia","1","2","false"
"MYKUL-13-0513","IJM Riana 3 Mixed Residential Development, KL","malaysia","1","2","true"
"","BaptistCare Narellan","australia","1","2","false"
"","Honeysuckle Masterplan","australia","1","2","false"
"503476","Byron Bay Aquatic Strategy Report","australia","1","2","true"
"","Ivanhoe Estate Masterplan","australia","1","2","false"
"402534","Sunny Queen Eggs","australia","1","2","true"
"202380","Boeing WT & ASC Expansion","australia","1","2","true"
"","Meydan","dubai","1","2","false"
"","Karolkowa, Warsaw, PL","dubai","1","2","false"
"502672","Bluewater Fitness Centre","australia","1","2","true"
"","City Plan Services for The Diocese of Maitland-Newcastle","australia","1","2","false"
"303091","City West Housing Waterloo","australia","1","2","true"
"203046","Healthscope Newcastle Private Hospital Extensions","australia","1","2","true"
"15-0141","Dinsor Residence","bangkok","1","2","false"
"15-0357","Samitwej Childrens","bangkok","1","2","true"
"","Uniting Parklands","australia","1","2","false"
"502871","Southern Cross Care (VIC) Rosebud","australia","1","2","true"
"12454","Melbourne Quarter","australia","1","2","true"
"","University of Newcastle Innovation Hub","australia","1","2","false"
"9151","TAFE NSW Kurri Kurri","australia","1","2","true"
"","Charlestown Carpark Feasibility","australia","1","2","false"
"VNHCM-09-397","Vina Capital Hospital Vietnam","china","1","1","true"
"","Murray Bridge Children's Centre","australia","1","1","false"
"","Sector 3, Bangladesh","dubai","1","1","false"
"BH-10-871","Bang&Olusen Flagship","bahrain","1","1","true"
"","University of Southern Queensland Agricultural Science and Engineering Precinct","australia","1","1","false"
"0306-04","Pacific Eye Centre","australia","1","1","true"
"","Oakleigh Recreational Centre Redevelopment","australia","1","1","false"
"","Marion Children's Centre","australia","1","1","false"
"16-0257","Le Bua Whisky Bar","","1","1","false"
"THBKK-99-035","New Zealand Embassy","bangkok","1","1","true"
"","Griffith University Superlab N79 Level 5","australia","1","1","false"
"","Central Business District, Bangladesh","dubai","1","1","false"
"","Burman Ave Childcare Centre","australia","1","1","false"